Ad Title,Ad Copy,Display URL
Accessible Hep C Treatment,Authorized Generic Hep C Drug Treating Hep C Just Got More Accessible. Explore An Authorized Generic Option.,hepcauthorizedgenerics.com
Accessible Hep C Treatment - Authorized Generic Hep C Drug,Treating Hep C Just Got More Accessible. Explore An Authorized Generic Option.,hepcauthorizedgenerics.com
Accessible Hep C Treatment Authorized Generic Hep C Drug,Treating Hep C Just Got More Accessible. Explore An Authorized Generic Option.,hepcauthorizedgenerics.com
Accessible Hep C Treatment | Authorized Generic Hep C Drug,Treating Hep C Just Got More Accessible. Explore An Authorized Generic Option.,hepcauthorizedgenerics.com
Accessible Treatment Option,Ledipasvir/Sofosbuvir Get Product Info For Authorized Generic Ledipasvir/Sofosbuvir & See Important Warning.,www.hepcauthorizedgenerics.com
Accessible Treatment Option,Sofosbuvir/Velpatasvir Get Product Info For Authorized Generic Sofosbuvir/Velpatasvir & See Important Warning.,hepcauthorizedgenerics.com
Accessible Treatment Option,Sofosbuvir/Velpatasvir Get Product Info For Authorized Generic Sofosbuvir/Velpatasvir & See Important Warning.,www.hepcauthorizedgenerics.com
Accessible Treatment Option,Ledipasvir/Sofosbuvir Get Product Info For Authorized Generic Ledipasvir/Sofosbuvir & See Important Warning.,hepcauthorizedgenerics.com
Accessible Treatment Option,Ledipasvir/Sofosbuvir Get Product Info For Authorized Generic Ledipasvir/Sofosbuvir & See Important Warning.,www.hepcauthorizedgenerics.com/
Accessible Treatment Opossum,Sofosbuvir/Velpatasvir Get Product Info For Authorized Generic Sofosbuvir/Velpatasvir & See Important Warning.,www.hepcauthorizedgenerics.com/
Accessible Treatment Option - Ledipasvir/Sofosbuvir,Get Product Info For Authorized Generic Ledipasvir/Sofosbuvir & See Important Warning.,www.hepcauthorizedgenerics.com
Accessible Treatment Option - Ledipasvir/Sofosbuvir,Get Product Info For Authorized Generic Ledipasvir/Sofosbuvir & See Important Warning.,hepcauthorizedgenerics.com
Accessible Treatment Option - Ledipasvir/Sofosbuvir,Get Product Info For Authorized Generic Ledipasvir/Sofosbuvir & See Important Warning.,www.hepcauthorizedgenerics.com/
Accessible Treatment Option - Ledipasvir/Sofosbuvir - hepcauthorizedgenerics.com,Get Product Info For Authorized Generic Ledipasvir/Sofosbuvir & See Important Warning.,www.hepcauthorizedgenerics.com
Accessible Treatment Option - Ledipasvir/Sofosbuvir - hepcauthorizedgenerics.com,Get Product Info For Authorized Generic Ledipasvir/Sofosbuvir & See Important Warning.,www.hepcauthorizedgenerics.com/
Accessible Treatment Option - Ledipasvir/Sofosbuvir | hepcauthorizedgenerics.com,Get Product Info For Authorized Generic Ledipasvir/Sofosbuvir & See Important Warning.,www.hepcauthorizedgenerics.com
Accessible Treatment Option - Ledipasvir/Sofosbuvir | hepcauthorizedgenerics.com,Get Product Info For Authorized Generic Ledipasvir/Sofosbuvir & See Important Warning.,www.hepcauthorizedgenerics.com/
Accessible Treatment Option - Sofosbuvir/Velpatasvir,Get Product Info For Authorized Generic Sofosbuvir/Velpatasvir & See Important Warning.,www.hepcauthorizedgenerics.com
Accessible Treatment Option - Sofosbuvir/Velpatasvir,Get Product Info For Authorized Generic Sofosbuvir/Velpatasvir & See Important Warning.,hepcauthorizedgenerics.com
Accessible Treatment Option - Sofosbuvir/Velpatasvir,Get Product Info For Authorized Generic Sofosbuvir/Velpatasvir & See Important Warning.,www.hepcauthorizedgenerics.com/
Accessible Treatment Option - Sofosbuvir/Velpatasvir - hepcauthorizedgenerics.com,Get Product Info For Authorized Generic Sofosbuvir/Velpatasvir & See Important Warning.,www.hepcauthorizedgenerics.com
Accessible Treatment Option - Sofosbuvir/Velpatasvir - hepcauthorizedgenerics.com,Get Product Info For Authorized Generic Sofosbuvir/Velpatasvir & See Important Warning.,www.hepcauthorizedgenerics.com/
Accessible Treatment Option - Sofosbuvir/Velpatasvir | hepcauthorizedgenerics.com,Get Product Info For Authorized Generic Sofosbuvir/Velpatasvir & See Important Warning.,www.hepcauthorizedgenerics.com
Accessible Treatment Option - Sofosbuvir/Velpatasvir | hepcauthorizedgenerics.com,Get Product Info For Authorized Generic Sofosbuvir/Velpatasvir & See Important Warning.,www.hepcauthorizedgenerics.com/
Accessible Treatment Option Ledipasvir/Sofosbuvir,Get Product Info For Authorized Generic Ledipasvir/Sofosbuvir & See Important Warning.,hepcauthorizedgenerics.com
Accessible Treatment Option Ledipasvir/Sofosbuvir,Get Product Info For Authorized Generic Ledipasvir/Sofosbuvir & See Important Warning.,www.hepcauthorizedgenerics.com
Accessible Treatment Option Ledipasvir/Sofosbuvir,Get Product Info For Authorized Generic Ledipasvir/Sofosbuvir & See Important Warning.,www.hepcauthorizedgenerics.com/
Accessible Treatment Option Sofosbuvir/Velpatasvir,Get Product Info For Authorized Generic Sofosbuvir/Velpatasvir & See Important Warning.,hepcauthorizedgenerics.com
Accessible Treatment Option Sofosbuvir/Velpatasvir,Get Product Info For Authorized Generic Sofosbuvir/Velpatasvir & See Important Warning.,www.hepcauthorizedgenerics.com
Accessible Treatment Option Sofosbuvir/Velpatasvir,Get Product Info For Authorized Generic Sofosbuvir/Velpatasvir & See Important Warning.,www.hepcauthorizedgenerics.com/
Accessible Treatment Option | Ledipasvir/Sofosbuvir,Get Product Info For Authorized Generic Ledipasvir/Sofosbuvir & See Important Warning.,hepcauthorizedgenerics.com
Accessible Treatment Option | Ledipasvir/Sofosbuvir,Get Product Info For Authorized Generic Ledipasvir/Sofosbuvir & See Important Warning.,www.hepcauthorizedgenerics.com
Accessible Treatment Option | Ledipasvir/Sofosbuvir,Get Product Info For Authorized Generic Ledipasvir/Sofosbuvir & See Important Warning.,www.hepcauthorizedgenerics.com/
Accessible Treatment Option | Sofosbuvir/Velpatasvir,Get Product Info For Authorized Generic Sofosbuvir/Velpatasvir & See Important Warning.,hepcauthorizedgenerics.com
Accessible Treatment Option | Sofosbuvir/Velpatasvir,Get Product Info For Authorized Generic Sofosbuvir/Velpatasvir & See Important Warning.,www.hepcauthorizedgenerics.com
Accessible Treatment Option | Sofosbuvir/Velpatasvir,Get Product Info For Authorized Generic Sofosbuvir/Velpatasvir & See Important Warning.,www.hepcauthorizedgenerics.com/
An Accessible Treatment,Ledipasvir/Sofosbuvir Get Product Info & See Important Warning About Authorized Generic Ledipasvir/Sofosbuvir.,hepcauthorizedgenerics.com
An Accessible Treatment,Ledipasvir/Sofosbuvir Get Product Info & See Important Warning About Authorized Generic Ledipasvir/Sofosbuvir.,www.hepcauthorizedgenerics.com
An Accessible Treatment,Sofosbuvir/Velpatasvir Download A Co-Pay Coupon For Sofosbuvir/Velpatasvir. Get Info & See Important Warning.,hepcauthorizedgenerics.com
An Accessible Treatment,Sofosbuvir/Velpatasvir Get Product Info & See Important Warning About Authorized Generic Sofosbuvir/Velpatasvir.,hepcauthorizedgenerics.com
An Accessible Treatment,Sofosbuvir/Velpatasvir Get Product Info & See Important Warning About Authorized Generic Sofosbuvir/Velpatasvir.,www.hepcauthorizedgenerics.com
An Accessible Treatment,Ledipasvir/Sofosbuvir Download A Ledipasvir/Sofosbuvir Co-Pay Coupon. See Important Warning.,www.hepcauthorizedgenerics.com
An Accessible Treatment,Ledipasvir/Sofosbuvir Download A Ledipasvir/Sofosbuvir Co-Pay Coupon. See Important Warning.,hepcauthorizedgenerics.com
An Accessible Treatment,Sofosbuvir/Velpatasvir Download A Co-Pay Coupon For Sofosbuvir/Velpatasvir. Get Info & See Important Warning.,www.hepcauthorizedgenerics.com
An Accessible Treatment,Ledipasvir/Sofosbuvir Get Product Info & See Important Warning About Authorized Generic Ledipasvir/Sofosbuvir.,www.hepcauthorizedgenerics.com/
An Accessible Treatment,Sofosbuvir/Velpatasvir Get Product Info & See Important Warning About Authorized Generic Sofosbuvir/Velpatasvir.,www.hepcauthorizedgenerics.com/
An Accessible Teehouse,Ledipasvir/Sofosbuvir Download A Ledipasvir/Sofosbuvir Co-Pay Coupon. See Important Warning.,www.hepcauthorizedgenerics.com/
An Accessible Treatment,Sofosbuvir/Velpatasvir Download A Co-Pay Coupon For Sofosbuvir/Velpatasvir. Get Info & See Important Warning.,www.hepcauthorizedgenerics.com/
An Accessible Treatment - Ledipasvir/Sofosbuvir,Get Product Info & See Important Warning About Authorized Generic Ledipasvir/Sofosbuvir.,www.hepcauthorizedgenerics.com
An Accessible Treatment - Ledipasvir/Sofosbuvir,Download A Ledipasvir/Sofosbuvir Co-Pay Coupon. See Important Warning.,hepcauthorizedgenerics.com
An Accessible Treatment - Ledipasvir/Sofosbuvir,Download A Ledipasvir/Sofosbuvir Co-Pay Coupon. See Important Warning.,www.hepcauthorizedgenerics.com
An Accessible Treatment - Ledipasvir/Sofosbuvir,Get Product Info & See Important Warning About Authorized Generic Ledipasvir/Sofosbuvir.,hepcauthorizedgenerics.com
An Accessible Treatment - Ledipasvir/Sofosbuvir,Get Product Info & See Important Warning About Authorized Generic Ledipasvir/Sofosbuvir.,www.hepcauthorizedgenerics.com/
An Accessible Treatment - Ledipasvir/Sofosbuvir,Download A Ledipasvir/Sofosbuvir Co-Pay Coupon. See Important Warning.,www.hepcauthorizedgenerics.com/
An Accessible Treatment - Ledipasvir/Sofosbuvir - hepcauthorizedgenerics.com,Download A Ledipasvir/Sofosbuvir Co-Pay Coupon. See Important Warning.,www.hepcauthorizedgenerics.com
An Accessible Treatment - Ledipasvir/Sofosbuvir - hepcauthorizedgenerics.com,Get Product Info & See Important Warning About Authorized Generic Ledipasvir/Sofosbuvir.,www.hepcauthorizedgenerics.com
An Accessible Treatment - Ledipasvir/Sofosbuvir - hepcauthorizedgenerics.com,Download A Ledipasvir/Sofosbuvir Co-Pay Coupon. See Important Warning.,www.hepcauthorizedgenerics.com/
An Accessible Treatment - Ledipasvir/Sofosbuvir - hepcauthorizedgenerics.com,Get Product Info & See Important Warning About Authorized Generic Ledipasvir/Sofosbuvir.,www.hepcauthorizedgenerics.com/
An Accessible Treatment - Ledipasvir/Sofosbuvir | hepcauthorizedgenerics.com,Get Product Info & See Important Warning About Authorized Generic Ledipasvir/Sofosbuvir.,www.hepcauthorizedgenerics.com
An Accessible Treatment - Ledipasvir/Sofosbuvir | hepcauthorizedgenerics.com,Download A Ledipasvir/Sofosbuvir Co-Pay Coupon. See Important Warning.,www.hepcauthorizedgenerics.com
An Accessible Treatment - Ledipasvir/Sofosbuvir | hepcauthorizedgenerics.com,Get Product Info & See Important Warning About Authorized Generic Ledipasvir/Sofosbuvir.,www.hepcauthorizedgenerics.com/
An Accessible Treatment - Ledipasvir/Sofosbuvir | hepcauthorizedgenerics.com,Download A Ledipasvir/Sofosbuvir Co-Pay Coupon. See Important Warning.,www.hepcauthorizedgenerics.com/
An Accessible Treatment - Sofosbuvir/Velpatasvir,Download A Co-Pay Coupon For Sofosbuvir/Velpatasvir. Get Info & See Important Warning.,hepcauthorizedgenerics.com
An Accessible Treatment - Sofosbuvir/Velpatasvir,Get Product Info & See Important Warning About Authorized Generic Sofosbuvir/Velpatasvir.,hepcauthorizedgenerics.com
An Accessible Treatment - Sofosbuvir/Velpatasvir,Download A Co-Pay Coupon For Sofosbuvir/Velpatasvir. Get Info & See Important Warning.,www.hepcauthorizedgenerics.com
An Accessible Treatment - Sofosbuvir/Velpatasvir,Get Product Info & See Important Warning About Authorized Generic Sofosbuvir/Velpatasvir.,www.hepcauthorizedgenerics.com
An Accessible Treatment - Sofosbuvir/Velpatasvir,Download A Co-Pay Coupon For Sofosbuvir/Velpatasvir. Get Info & See Important Warning.,www.hepcauthorizedgenerics.com/
An Accessible Treatment - Sofosbuvir/Velpatasvir,Get Product Info & See Important Warning About Authorized Generic Sofosbuvir/Velpatasvir.,www.hepcauthorizedgenerics.com/
An Accessible Treatment - Sofosbuvir/Velpatasvir - hepcauthorizedgenerics.com,Download A Co-Pay Coupon For Sofosbuvir/Velpatasvir. Get Info & See Important Warning.,www.hepcauthorizedgenerics.com
An Accessible Treatment - Smoke/Weed - erryday.com,Get Product Info & See Important Warning About Authorized Generic Sofosbuvir/Velpatasvir.,www.hepcauthorizedgenerics.com
An Accessible Treatment - Sofosbuvir/Velpatasvir - hepcauthorizedgenerics.com,Download A Co-Pay Coupon For Sofosbuvir/Velpatasvir. Get Info & See Important Warning.,www.hepcauthorizedgenerics.com/
An Accessible Treatment - Sofosbuvir/Velpatasvir - hepcauthorizedgenerics.com,Get Product Info & See Important Warning About Authorized Generic Sofosbuvir/Velpatasvir.,www.hepcauthorizedgenerics.com/
An Accessible Treatment - Sofosbuvir/Velpatasvir | hepcauthorizedgenerics.com,Download A Co-Pay Coupon For Sofosbuvir/Velpatasvir. Get Info & See Important Warning.,www.hepcauthorizedgenerics.com
An Accessible Treatment - Sofosbuvir/Velpatasvir | hepcauthorizedgenerics.com,Get Product Info & See Important Warning About Authorized Generic Sofosbuvir/Velpatasvir.,www.hepcauthorizedgenerics.com
An Accessible Treatment - Sofosbuvir/Velpatasvir | hepcauthorizedgenerics.com,Download A Co-Pay Coupon For Sofosbuvir/Velpatasvir. Get Info & See Important Warning.,www.hepcauthorizedgenerics.com/
An Accessible Treatment - Sofosbuvir/Velpatasvir | hepcauthorizedgenerics.com,Get Product Info & See Important Warning About Authorized Generic Sofosbuvir/Velpatasvir.,www.hepcauthorizedgenerics.com/
An Accessible Treatment Ledipasvir/Sofosbuvir,Get Product Info & See Important Warning About Authorized Generic Ledipasvir/Sofosbuvir.,hepcauthorizedgenerics.com
An Accessible Treatment Ledipasvir/Sofosbuvir,Download A Ledipasvir/Sofosbuvir Co-Pay Coupon. See Important Warning.,hepcauthorizedgenerics.com
An Accessible Treatment Ledipasvir/Sofosbuvir,Get Product Info & See Important Warning About Authorized Generic Ledipasvir/Sofosbuvir.,www.hepcauthorizedgenerics.com
An Accessible Treatment Ledipasvir/Sofosbuvir,Download A Ledipasvir/Sofosbuvir Co-Pay Coupon. See Important Warning.,www.hepcauthorizedgenerics.com
An Accessible Treatment Ledipasvir/Sofosbuvir,Get Product Info & See Important Warning About Authorized Generic Ledipasvir/Sofosbuvir.,www.hepcauthorizedgenerics.com/
An Accessible Treatment Ledipasvir/Sofosbuvir,Download A Ledipasvir/Sofosbuvir Co-Pay Coupon. See Important Warning.,www.hepcauthorizedgenerics.com/
An Accessible Treatment Option,Sofosbuvir/Velpatasvir Discover Sofosbuvir/Velpatasvir & See Important Warning. Download A Co-Pay Coupon.,www.hepcauthorizedgenerics.com
An Accessible Treatment Option,Ledipasvir/Sofosbuvir Explore Authorized Generic Ledipasvir/Sofosbuvir Treatment & See Important Warning.,www.hepcauthorizedgenerics.com
An Accessible Treatment Option,Sofosbuvir/Velpatasvir Discover Sofosbuvir/Velpatasvir & See Important Warning. Download A Co-Pay Coupon.,hepcauthorizedgenerics.com
An Accessible Treatment Option,Sofosbuvir/Velpatasvir Explore Authorized Generic Sofosbuvir/Velpatasvir Treatment & See Important Warning.,hepcauthorizedgenerics.com
An Accessible Treatment Option,Sofosbuvir/Velpatasvir Explore Authorized Generic Sofosbuvir/Velpatasvir Treatment & See Important Warning.,www.hepcauthorizedgenerics.com
An Accessible Treatment Option,Ledipasvir/Sofosbuvir Download A Co-Pay Coupon For Ledipasvir/Sofosbuvir. Get Info & See Important Warning.,www.hepcauthorizedgenerics.com
An Accessible Treatment Option,Ledipasvir/Sofosbuvir Explore Authorized Generic Ledipasvir/Sofosbuvir Treatment & See Important Warning.,hepcauthorizedgenerics.com
An Accessible Treatment Option,Ledipasvir/Sofosbuvir Download A Co-Pay Coupon For Ledipasvir/Sofosbuvir. Get Info & See Important Warning.,hepcauthorizedgenerics.com
An Amazing Achievement,Sofosbuvir/Velpatasvir Discover Sofosbuvir/Velpatasvir & See Important Warning. Download A Co-Pay Coupon.,www.hepcauthorizedgenerics.com/
An Accessible Treatment Option,Ledipasvir/Sofosbuvir Explore Authorized Generic Ledipasvir/Sofosbuvir Treatment & See Important Warning.,www.hepcauthorizedgenerics.com/
An Accessible Treatment Option,Sofosbuvir/Velpatasvir Explore Authorized Generic Sofosbuvir/Velpatasvir Treatment & See Important Warning.,www.hepcauthorizedgenerics.com/
An Accessible Treatment Option,Ledipasvir/Sofosbuvir Download A Co-Pay Coupon For Ledipasvir/Sofosbuvir. Get Info & See Important Warning.,www.hepcauthorizedgenerics.com/
An Accessible Treatment Option - Ledipasvir/Sofosbuvir,Download A Co-Pay Coupon For Ledipasvir/Sofosbuvir. Get Info & See Important Warning.,hepcauthorizedgenerics.com
An Accessible Treatment Option - Ledipasvir/Sofosbuvir,Download A Co-Pay Coupon For Ledipasvir/Sofosbuvir. Get Info & See Important Warning.,www.hepcauthorizedgenerics.com
An Accessible Treatment Option - Ledipasvir/Sofosbuvir,Explore Authorized Generic Ledipasvir/Sofosbuvir Treatment & See Important Warning.,www.hepcauthorizedgenerics.com
An Accessible Treatment Option - Ledipasvir/Sofosbuvir,Explore Authorized Generic Ledipasvir/Sofosbuvir Treatment & See Important Warning.,hepcauthorizedgenerics.com
An Accessible Treatment Option - Ledipasvir/Sofosbuvir,Download A Co-Pay Coupon For Ledipasvir/Sofosbuvir. Get Info & See Important Warning.,www.hepcauthorizedgenerics.com/
An Accessible Treatment Option - Ledipasvir/Sofosbuvir,Explore Authorized Generic Ledipasvir/Sofosbuvir Treatment & See Important Warning.,www.hepcauthorizedgenerics.com/
An Accessible Treatment Option - Ledipasvir/Sofosbuvir - hepcauthorizedgenerics.com,Explore Authorized Generic Ledipasvir/Sofosbuvir Treatment & See Important Warning.,www.hepcauthorizedgenerics.com
An Accessible Treatment Option - Ledipasvir/Sofosbuvir - hepcauthorizedgenerics.com,Download A Co-Pay Coupon For Ledipasvir/Sofosbuvir. Get Info & See Important Warning.,www.hepcauthorizedgenerics.com
An Accessible Treatment Option - Ledipasvir/Sofosbuvir - hepcauthorizedgenerics.com,Explore Authorized Generic Ledipasvir/Sofosbuvir Treatment & See Important Warning.,www.hepcauthorizedgenerics.com/
An Accessible Treatment Option - Ledipasvir/Sofosbuvir - hepcauthorizedgenerics.com,Download A Co-Pay Coupon For Ledipasvir/Sofosbuvir. Get Info & See Important Warning.,www.hepcauthorizedgenerics.com/
An Accessible Treatment Option - Ledipasvir/Sofosbuvir | hepcauthorizedgenerics.com,Explore Authorized Generic Ledipasvir/Sofosbuvir Treatment & See Important Warning.,www.hepcauthorizedgenerics.com
An Accessible Treatment Option - Ledipasvir/Sofosbuvir | hepcauthorizedgenerics.com,Download A Co-Pay Coupon For Ledipasvir/Sofosbuvir. Get Info & See Important Warning.,www.hepcauthorizedgenerics.com
An Accessible Treatment Option - Ledipasvir/Sofosbuvir | hepcauthorizedgenerics.com,Explore Authorized Generic Ledipasvir/Sofosbuvir Treatment & See Important Warning.,www.hepcauthorizedgenerics.com/
An Accessible Treatment Option - Ledipasvir/Sofosbuvir | hepcauthorizedgenerics.com,Download A Co-Pay Coupon For Ledipasvir/Sofosbuvir. Get Info & See Important Warning.,www.hepcauthorizedgenerics.com/
An Accessible Treatment Option - Sofosbuvir/Velpatasvir,Explore Authorized Generic Sofosbuvir/Velpatasvir Treatment & See Important Warning.,hepcauthorizedgenerics.com
An Accessible Treatment Option - Sofosbuvir/Velpatasvir,Explore Authorized Generic Sofosbuvir/Velpatasvir Treatment & See Important Warning.,www.hepcauthorizedgenerics.com
An Accessible Treatment Option - Sofosbuvir/Velpatasvir,Discover Sofosbuvir/Velpatasvir & See Important Warning. Download A Co-Pay Coupon.,hepcauthorizedgenerics.com
An Accessible Treatment Option - Sofosbuvir/Velpatasvir,Discover Sofosbuvir/Velpatasvir & See Important Warning. Download A Co-Pay Coupon.,www.hepcauthorizedgenerics.com
An Accessible Treatment Option - Sofosbuvir/Velpatasvir,Explore Authorized Generic Sofosbuvir/Velpatasvir Treatment & See Important Warning.,www.hepcauthorizedgenerics.com/
An Accessible Treatment Option - Sofosbuvir/Velpatasvir,Discover Sofosbuvir/Velpatasvir & See Important Warning. Download A Co-Pay Coupon.,www.hepcauthorizedgenerics.com/
An Accessible Treatment Option - Sofosbuvir/Velpatasvir - hepcauthorizedgenerics.com,Explore Authorized Generic Sofosbuvir/Velpatasvir Treatment & See Important Warning.,www.hepcauthorizedgenerics.com
An Accessible Treatment Option - Sofosbuvir/Velpatasvir - hepcauthorizedgenerics.com,Discover Sofosbuvir/Velpatasvir & See Important Warning. Download A Co-Pay Coupon.,www.hepcauthorizedgenerics.com
An Accessible Treatment Option - Sofosbuvir/Velpatasvir - hepcauthorizedgenerics.com,Explore Authorized Generic Sofosbuvir/Velpatasvir Treatment & See Important Warning.,www.hepcauthorizedgenerics.com/
An Accessible Treatment Option - Sofosbuvir/Velpatasvir - hepcauthorizedgenerics.com,Discover Sofosbuvir/Velpatasvir & See Important Warning. Download A Co-Pay Coupon.,www.hepcauthorizedgenerics.com/
An Accessible Treatment Option - Sofosbuvir/Velpatasvir | hepcauthorizedgenerics.com,Discover Sofosbuvir/Velpatasvir & See Important Warning. Download A Co-Pay Coupon.,www.hepcauthorizedgenerics.com
An Accessible Treatment Option - Sofosbuvir/Velpatasvir | hepcauthorizedgenerics.com,Explore Authorized Generic Sofosbuvir/Velpatasvir Treatment & See Important Warning.,www.hepcauthorizedgenerics.com
An Accessible Treatment Option - Sofosbuvir/Velpatasvir | hepcauthorizedgenerics.com,Discover Sofosbuvir/Velpatasvir & See Important Warning. Download A Co-Pay Coupon.,www.hepcauthorizedgenerics.com/
An Accessible Treatment Option - Sofosbuvir/Velpatasvir | hepcauthorizedgenerics.com,Explore Authorized Generic Sofosbuvir/Velpatasvir Treatment & See Important Warning.,www.hepcauthorizedgenerics.com/
An Accessible Treatment Option Ledipasvir/Sofosbuvir,Explore Authorized Generic Ledipasvir/Sofosbuvir Treatment & See Important Warning.,www.hepcauthorizedgenerics.com
An Accessible Treatment Option Ledipasvir/Sofosbuvir,Download A Co-Pay Coupon For Ledipasvir/Sofosbuvir. Get Info & See Important Warning.,www.hepcauthorizedgenerics.com
An Accessible Treatment Option Ledipasvir/Sofosbuvir,Explore Authorized Generic Ledipasvir/Sofosbuvir Treatment & See Important Warning.,hepcauthorizedgenerics.com
An Accessible Treatment Option Ledipasvir/Sofosbuvir,Download A Co-Pay Coupon For Ledipasvir/Sofosbuvir. Get Info & See Important Warning.,hepcauthorizedgenerics.com
An Accessible Treatment Option Ledipasvir/Sofosbuvir,Explore Authorized Generic Ledipasvir/Sofosbuvir Treatment & See Important Warning.,www.hepcauthorizedgenerics.com/
An Accessible Treatment Option Ledipasvir/Sofosbuvir,Download A Co-Pay Coupon For Ledipasvir/Sofosbuvir. Get Info & See Important Warning.,www.hepcauthorizedgenerics.com/
An Accessible Treatment Option Sofosbuvir/Velpatasvir,Explore Authorized Generic Sofosbuvir/Velpatasvir Treatment & See Important Warning.,www.hepcauthorizedgenerics.com
An Accessible Treatment Option Sofosbuvir/Velpatasvir,Explore Authorized Generic Sofosbuvir/Velpatasvir Treatment & See Important Warning.,hepcauthorizedgenerics.com
An Accessible Treatment Option Sofosbuvir/Velpatasvir,Discover Sofosbuvir/Velpatasvir & See Important Warning. Download A Co-Pay Coupon.,www.hepcauthorizedgenerics.com
An Accessible Treatment Option Sofosbuvir/Velpatasvir,Discover Sofosbuvir/Velpatasvir & See Important Warning. Download A Co-Pay Coupon.,hepcauthorizedgenerics.com
An Accessible Treatment Option Sofosbuvir/Velpatasvir,Explore Authorized Generic Sofosbuvir/Velpatasvir Treatment & See Important Warning.,www.hepcauthorizedgenerics.com/
An Accessible Treatment Option Sofosbuvir/Velpatasvir,Discover Sofosbuvir/Velpatasvir & See Important Warning. Download A Co-Pay Coupon.,www.hepcauthorizedgenerics.com/
An Accessible Treatment Option | Ledipasvir/Sofosbuvir,Download A Co-Pay Coupon For Ledipasvir/Sofosbuvir. Get Info & See Important Warning.,www.hepcauthorizedgenerics.com
An Accessible Treatment Option | Ledipasvir/Sofosbuvir,Explore Authorized Generic Ledipasvir/Sofosbuvir Treatment & See Important Warning.,www.hepcauthorizedgenerics.com
An Accessible Treatment Option | Ledipasvir/Sofosbuvir,Explore Authorized Generic Ledipasvir/Sofosbuvir Treatment & See Important Warning.,hepcauthorizedgenerics.com
An Accessible Treatment Option | Ledipasvir/Sofosbuvir,Download A Co-Pay Coupon For Ledipasvir/Sofosbuvir. Get Info & See Important Warning.,hepcauthorizedgenerics.com
An Accessible Treatment Option | Ledipasvir/Sofosbuvir,Download A Co-Pay Coupon For Ledipasvir/Sofosbuvir. Get Info & See Important Warning.,www.hepcauthorizedgenerics.com/
An Accessible Treatment Option | Ledipasvir/Sofosbuvir,Explore Authorized Generic Ledipasvir/Sofosbuvir Treatment & See Important Warning.,www.hepcauthorizedgenerics.com/
An Accessible Treatment Option | Sofosbuvir/Velpatasvir,Discover Sofosbuvir/Velpatasvir & See Important Warning. Download A Co-Pay Coupon.,hepcauthorizedgenerics.com
An Accessible Treatment Option | Sofosbuvir/Velpatasvir,Explore Authorized Generic Sofosbuvir/Velpatasvir Treatment & See Important Warning.,hepcauthorizedgenerics.com
An Accessible Treatment Option | Sofosbuvir/Velpatasvir,Discover Sofosbuvir/Velpatasvir & See Important Warning. Download A Co-Pay Coupon.,www.hepcauthorizedgenerics.com
An Accessible Treatment Option | Sofosbuvir/Velpatasvir,Explore Authorized Generic Sofosbuvir/Velpatasvir Treatment & See Important Warning.,www.hepcauthorizedgenerics.com
An Accessible Treatment Option | Sofosbuvir/Velpatasvir,Discover Sofosbuvir/Velpatasvir & See Important Warning. Download A Co-Pay Coupon.,www.hepcauthorizedgenerics.com/
An Accessible Treatment Option | Sofosbuvir/Velpatasvir,Explore Authorized Generic Sofosbuvir/Velpatasvir Treatment & See Important Warning.,www.hepcauthorizedgenerics.com/
An Accessible Treatment Sofosbuvir/Velpatasvir,Download A Co-Pay Coupon For Sofosbuvir/Velpatasvir. Get Info & See Important Warning.,hepcauthorizedgenerics.com
An Accessible Treatment Sofosbuvir/Velpatasvir,Get Product Info & See Important Warning About Authorized Generic Sofosbuvir/Velpatasvir.,hepcauthorizedgenerics.com
An Accessible Treatment Sofosbuvir/Velpatasvir,Download A Co-Pay Coupon For Sofosbuvir/Velpatasvir. Get Info & See Important Warning.,www.hepcauthorizedgenerics.com
An Accessible Treatment Sofosbuvir/Velpatasvir,Get Product Info & See Important Warning About Authorized Generic Sofosbuvir/Velpatasvir.,www.hepcauthorizedgenerics.com
An Accessible Treatment Sofosbuvir/Velpatasvir,Download A Co-Pay Coupon For Sofosbuvir/Velpatasvir. Get Info & See Important Warning.,www.hepcauthorizedgenerics.com/
An Accessible Treatment Sofosbuvir/Velpatasvir,Get Product Info & See Important Warning About Authorized Generic Sofosbuvir/Velpatasvir.,www.hepcauthorizedgenerics.com/
An Accessible Treatment | Ledipasvir/Sofosbuvir,Download A Ledipasvir/Sofosbuvir Co-Pay Coupon. See Important Warning.,hepcauthorizedgenerics.com
An Accessible Treatment | Ledipasvir/Sofosbuvir,Download A Ledipasvir/Sofosbuvir Co-Pay Coupon. See Important Warning.,www.hepcauthorizedgenerics.com
An Accessible Treatment | Ledipasvir/Sofosbuvir,Get Product Info & See Important Warning About Authorized Generic Ledipasvir/Sofosbuvir.,www.hepcauthorizedgenerics.com
An Accessible Treatment | Ledipasvir/Sofosbuvir,Get Product Info & See Important Warning About Authorized Generic Ledipasvir/Sofosbuvir.,hepcauthorizedgenerics.com
An Accessible Treatment | Ledipasvir/Sofosbuvir,Download A Ledipasvir/Sofosbuvir Co-Pay Coupon. See Important Warning.,www.hepcauthorizedgenerics.com/
An Accessible Treatment | Ledipasvir/Sofosbuvir,Get Product Info & See Important Warning About Authorized Generic Ledipasvir/Sofosbuvir.,www.hepcauthorizedgenerics.com/
An Accessible Treatment | Sofosbuvir/Velpatasvir,Get Product Info & See Important Warning About Authorized Generic Sofosbuvir/Velpatasvir.,www.hepcauthorizedgenerics.com
An Accessible Treatment | Sofosbuvir/Velpatasvir,Download A Co-Pay Coupon For Sofosbuvir/Velpatasvir. Get Info & See Important Warning.,hepcauthorizedgenerics.com
An Accessible Treatment | Sofosbuvir/Velpatasvir,Get Product Info & See Important Warning About Authorized Generic Sofosbuvir/Velpatasvir.,hepcauthorizedgenerics.com
An Accessible Treatment | Sofosbuvir/Velpatasvir,Download A Co-Pay Coupon For Sofosbuvir/Velpatasvir. Get Info & See Important Warning.,www.hepcauthorizedgenerics.com
An Accessible Treatment | Sofosbuvir/Velpatasvir,Get Product Info & See Important Warning About Authorized Generic Sofosbuvir/Velpatasvir.,www.hepcauthorizedgenerics.com/
An Accessible Treatment | Sofosbuvir/Velpatasvir,Download A Co-Pay Coupon For Sofosbuvir/Velpatasvir. Get Info & See Important Warning.,www.hepcauthorizedgenerics.com/
Asegua Therapeutics,See Important Warning Learn About Authorized Generics Sofosbuvir/Velpatasvir & Ledipasvir/Sofosbuvir Here.,hepcauthorizedgenerics.com
Asegua Therapeutics,Authorized Generic Treatment Learn More About Authorized Generic Ledipasvir/Sofosbuvir & See Important Warning.,www.hepcauthorizedgenerics.com
Asegua Therapeutics,Authorized Generic Treatment Learn More About Authorized Generic Sofosbuvir/Velpatasvir & See Important Warning.,hepcauthorizedgenerics.com
Asegua Therapeutics,See Important Warning Learn About Authorized Generics Sofosbuvir/Velpatasvir & Ledipasvir/Sofosbuvir Here.,www.hepcauthorizedgenerics.com
Asegua Therapeutics,Authorized Generic Treatment Learn More About Authorized Generic Ledipasvir/Sofosbuvir & See Important Warning.,hepcauthorizedgenerics.com
Asegua Therapeutics,Authorized Generic Treatment Learn More About Authorized Generic Sofosbuvir/Velpatasvir & See Important Warning.,www.hepcauthorizedgenerics.com
Asegua Therapeutics,Authorized Generic Treatment Learn More About Authorized Generic Ledipasvir/Sofosbuvir & See Important Warning.,www.hepcauthorizedgenerics.com/
Asegua Therapeutics,See Important Warning Learn About Authorized Generics Sofosbuvir/Velpatasvir & Ledipasvir/Sofosbuvir Here.,www.hepcauthorizedgenerics.com/
Asegua Therapeutics,Authorized Generic Treatment Learn More About Authorized Generic Sofosbuvir/Velpatasvir & See Important Warning.,www.hepcauthorizedgenerics.com/
Asegua Therapeutics - Authorized Generic Treatment,Learn More About Authorized Generic Sofosbuvir/Velpatasvir & See Important Warning.,hepcauthorizedgenerics.com
Asegua Therapeutics - Authorized Generic Treatment,Learn More About Authorized Generic Ledipasvir/Sofosbuvir & See Important Warning.,hepcauthorizedgenerics.com
Asegua Therapeutics - Authorized Generic Treatment,Learn More About Authorized Generic Sofosbuvir/Velpatasvir & See Important Warning.,www.hepcauthorizedgenerics.com
Asegua Therapeutics - Authorized Generic Treatment,Learn More About Authorized Generic Ledipasvir/Sofosbuvir & See Important Warning.,www.hepcauthorizedgenerics.com
Asegua Therapeutics - Authorized Generic Treatment,Learn More About Authorized Generic Sofosbuvir/Velpatasvir & See Important Warning.,www.hepcauthorizedgenerics.com/
Asegua Therapeutics - Authorized Generic Treatment,Learn More About Authorized Generic Ledipasvir/Sofosbuvir & See Important Warning.,www.hepcauthorizedgenerics.com/
Asegua Therapeutics - Authorized Generic Treatment - hepcauthorizedgenerics.com,Learn More About Authorized Generic Sofosbuvir/Velpatasvir & See Important Warning.,www.hepcauthorizedgenerics.com
Asegua Therapeutics - Authorized Generic Treatment - hepcauthorizedgenerics.com,Learn More About Authorized Generic Ledipasvir/Sofosbuvir & See Important Warning.,www.hepcauthorizedgenerics.com
Asegua Therapeutics - Authorized Generic Treatment - hepcauthorizedgenerics.com,Learn More About Authorized Generic Sofosbuvir/Velpatasvir & See Important Warning.,www.hepcauthorizedgenerics.com/
Asegua Therapeutics - Authorized Generic Treatment - hepcauthorizedgenerics.com,Learn More About Authorized Generic Ledipasvir/Sofosbuvir & See Important Warning.,www.hepcauthorizedgenerics.com/
Asegua Therapeutics - Authorized Generic Treatment | hepcauthorizedgenerics.com,Learn More About Authorized Generic Sofosbuvir/Velpatasvir & See Important Warning.,www.hepcauthorizedgenerics.com
Asegua Therapeutics - Authorized Generic Treatment | hepcauthorizedgenerics.com,Learn More About Authorized Generic Ledipasvir/Sofosbuvir & See Important Warning.,www.hepcauthorizedgenerics.com
Asegua Therapeutics - Authorized Generic Treatment | hepcauthorizedgenerics.com,Learn More About Authorized Generic Sofosbuvir/Velpatasvir & See Important Warning.,www.hepcauthorizedgenerics.com/
Asegua Therapeutics - Authorized Generic Treatment | hepcauthorizedgenerics.com,Learn More About Authorized Generic Ledipasvir/Sofosbuvir & See Important Warning.,www.hepcauthorizedgenerics.com/
Asegua Therapeutics - See Important Warning,Learn About Authorized Generics Sofosbuvir/Velpatasvir & Ledipasvir/Sofosbuvir Here.,www.hepcauthorizedgenerics.com
Asegua Therapeutics - See Important Warning,Learn About Authorized Generics Sofosbuvir/Velpatasvir & Ledipasvir/Sofosbuvir Here.,hepcauthorizedgenerics.com
Asegua Therapeutics - See Important Warning,Learn About Authorized Generics Sofosbuvir/Velpatasvir & Ledipasvir/Sofosbuvir Here.,www.hepcauthorizedgenerics.com/
Asegua Therapeutics - See Important Warning - hepcauthorizedgenerics.com,Learn About Authorized Generics Sofosbuvir/Velpatasvir & Ledipasvir/Sofosbuvir Here.,www.hepcauthorizedgenerics.com
Asegua Therapeutics - See Important Warning - hepcauthorizedgenerics.com,Learn About Authorized Generics Sofosbuvir/Velpatasvir & Ledipasvir/Sofosbuvir Here.,www.hepcauthorizedgenerics.com/
Asegua Therapeutics - See Important Warning | hepcauthorizedgenerics.com,Learn About Authorized Generics Sofosbuvir/Velpatasvir & Ledipasvir/Sofosbuvir Here.,www.hepcauthorizedgenerics.com
Asegua Therapeutics - See Important Warning | hepcauthorizedgenerics.com,Learn About Authorized Generics Sofosbuvir/Velpatasvir & Ledipasvir/Sofosbuvir Here.,www.hepcauthorizedgenerics.com/
Asegua Therapeutics Authorized Generic Treatment,Learn More About Authorized Generic Ledipasvir/Sofosbuvir & See Important Warning.,hepcauthorizedgenerics.com
Asegua Therapeutics Authorized Generic Treatment,Learn More About Authorized Generic Sofosbuvir/Velpatasvir & See Important Warning.,www.hepcauthorizedgenerics.com
Asegua Therapeutics Authorized Generic Treatment,Learn More About Authorized Generic Ledipasvir/Sofosbuvir & See Important Warning.,www.hepcauthorizedgenerics.com
Asegua Therapeutics Authorized Generic Treatment,Learn More About Authorized Generic Sofosbuvir/Velpatasvir & See Important Warning.,hepcauthorizedgenerics.com
Asegua Therapeutics Authorized Generic Treatment,Learn More About Authorized Generic Sofosbuvir/Velpatasvir & See Important Warning.,www.hepcauthorizedgenerics.com/
Asegua Therapeutics Authorized Generic Treatment,Learn More About Authorized Generic Ledipasvir/Sofosbuvir & See Important Warning.,www.hepcauthorizedgenerics.com/
Asegua Therapeutics See Important Warning,Learn About Authorized Generics Sofosbuvir/Velpatasvir & Ledipasvir/Sofosbuvir Here.,www.hepcauthorizedgenerics.com
Asegua Therapeutics See Important Warning,Learn About Authorized Generics Sofosbuvir/Velpatasvir & Ledipasvir/Sofosbuvir Here.,hepcauthorizedgenerics.com
Asegua Therapeutics See Important Warning,Learn About Authorized Generics Sofosbuvir/Velpatasvir & Ledipasvir/Sofosbuvir Here.,www.hepcauthorizedgenerics.com/
Asegua Therapeutics | Authorized Generic Treatment,Learn More About Authorized Generic Ledipasvir/Sofosbuvir & See Important Warning.,www.hepcauthorizedgenerics.com
Asegua Therapeutics | Authorized Generic Treatment,Learn More About Authorized Generic Sofosbuvir/Velpatasvir & See Important Warning.,www.hepcauthorizedgenerics.com
Asegua Therapeutics | Authorized Generic Treatment,Learn More About Authorized Generic Sofosbuvir/Velpatasvir & See Important Warning.,hepcauthorizedgenerics.com
Asegua Therapeutics | Authorized Generic Treatment,Learn More About Authorized Generic Ledipasvir/Sofosbuvir & See Important Warning.,hepcauthorizedgenerics.com
Asegua Therapeutics | Authorized Generic Treatment,Learn More About Authorized Generic Ledipasvir/Sofosbuvir & See Important Warning.,www.hepcauthorizedgenerics.com/
Asegua Therapeutics | Authorized Generic Treatment,Learn More About Authorized Generic Sofosbuvir/Velpatasvir & See Important Warning.,www.hepcauthorizedgenerics.com/
Asegua Therapeutics | See Important Warning,Learn About Authorized Generics Sofosbuvir/Velpatasvir & Ledipasvir/Sofosbuvir Here.,www.hepcauthorizedgenerics.com
Asegua Therapeutics | See Important Warning,Learn About Authorized Generics Sofosbuvir/Velpatasvir & Ledipasvir/Sofosbuvir Here.,hepcauthorizedgenerics.com
Asegua Therapeutics | See Important Warning,Learn About Authorized Generics Sofosbuvir/Velpatasvir & Ledipasvir/Sofosbuvir Here.,www.hepcauthorizedgenerics.com/
Authorized Generic Hep C Drug,Authorized Generic Treatment A Hep C Treatment Without The Brand Name. Discover An Authorized Generic Option.,hepcauthorizedgenerics.com
Authorized Generic Hep C Drug,Discover An Authorized Generic Get Treatment Without The Brand Name. Learn About A Hep C Treatment.,hepcauthorizedgenerics.com
Authorized Generic Hep C Drug,Learn About A Treatment Option Treating Hepatitis C Is Now More Accessible. Explore An Authorized Generic Option.,hepcauthorizedgenerics.com
Authorized Generic Hep C Drug - Authorized Generic Treatment,A Hep C Treatment Without The Brand Name. Discover An Authorized Generic Option.,hepcauthorizedgenerics.com
Authorized Generic Hep C Drug - Discover An Authorized Generic,Get Treatment Without The Brand Name. Learn About A Hep C Treatment.,hepcauthorizedgenerics.com
Authorized Generic Hep C Drug - Learn About A Treatment Option,Treating Hepatitis C Is Now More Accessible. Explore An Authorized Generic Option.,hepcauthorizedgenerics.com
Authorized Generic Hep C Drug Authorized Generic Treatment,A Hep C Treatment Without The Brand Name. Discover An Authorized Generic Option.,hepcauthorizedgenerics.com
Authorized Generic Hep C Drug Discover An Authorized Generic,Get Treatment Without The Brand Name. Learn About A Hep C Treatment.,hepcauthorizedgenerics.com
Authorized Generic Hep C Drug Learn About A Treatment Option,Treating Hepatitis C Is Now More Accessible. Explore An Authorized Generic Option.,hepcauthorizedgenerics.com
Authorized Generic Hep C Drug | Authorized Generic Treatment,A Hep C Treatment Without The Brand Name. Discover An Authorized Generic Option.,hepcauthorizedgenerics.com
Authorized Generic Hep C Drug | Discover An Authorized Generic,Get Treatment Without The Brand Name. Learn About A Hep C Treatment.,hepcauthorizedgenerics.com
Authorized Generic Hep C Drug | Learn About A Treatment Option,Treating Hepatitis C Is Now More Accessible. Explore An Authorized Generic Option.,hepcauthorizedgenerics.com
Authorized Generic Medication,Explore An Authorized Generic A Hep C Treatment Without The Brand Name. Learn About An Authorized Generic Option.,hepcauthorizedgenerics.com
Authorized Generic Medication - Explore An Authorized Generic,A Hep C Treatment Without The Brand Name. Learn About An Authorized Generic Option.,hepcauthorizedgenerics.com
Authorized Generic Medication Explore An Authorized Generic,A Hep C Treatment Without The Brand Name. Learn About An Authorized Generic Option.,hepcauthorizedgenerics.com
Authorized Generic Medication | Explore An Authorized Generic,A Hep C Treatment Without The Brand Name. Learn About An Authorized Generic Option.,hepcauthorizedgenerics.com
Discover A Hep C Drug Option,Authorized Generic Medication Hep C Treatment Without The Brand Name. Learn About An Authorized Treatment.,hepcauthorizedgenerics.com
Discover A Hep C Drug Option - Authorized Generic Medication,Hep C Treatment Without The Brand Name. Learn About An Authorized Treatment.,hepcauthorizedgenerics.com
Discover A Hep C Drug Option Authorized Generic Medication,Hep C Treatment Without The Brand Name. Learn About An Authorized Treatment.,hepcauthorizedgenerics.com
Discover A Hep C Drug Option | Authorized Generic Medication,Hep C Treatment Without The Brand Name. Learn About An Authorized Treatment.,hepcauthorizedgenerics.com
Discover An Authorized Generic,Accessible Treatment Option Get Information & See Important Warning About Authorized Generic Ledipasvir/Sofosbuvir.,hepcauthorizedgenerics.com
Discover An Authorized Generic,Sofosbuvir/Velpatasvir Discover Authorized Generic Sofosbuvir/Velpatasvir And See Important Warning.,www.hepcauthorizedgenerics.com
Discover An Authorized Generic,Accessible Treatment Option Get Information & See Important Warning About Authorized Generic Sofosbuvir/Velpatasvir.,www.hepcauthorizedgenerics.com
Discover An Authorized Generic,Sofosbuvir/Velpatasvir Download A Sofosbuvir/Velpatasvir Co-Pay Coupon. See Important Warning.,hepcauthorizedgenerics.com
Discover An Authorized Generic,Sofosbuvir/Velpatasvir Get Information About Authorized Generic Sofosbuvir/Velpatasvir & See Important Warning.,hepcauthorizedgenerics.com
Discover An Authorized Generic,Accessible Treatment Option Get Information & See Important Warning About Authorized Generic Ledipasvir/Sofosbuvir.,www.hepcauthorizedgenerics.com
Discover An Authorized Generic,Sofosbuvir/Velpatasvir Discover Authorized Generic Sofosbuvir/Velpatasvir And See Important Warning.,hepcauthorizedgenerics.com
Discover An Authorized Generic,Ledipasvir/Sofosbuvir Discover Authorized Generic Ledipasvir/Sofosbuvir And See Important Warning.,hepcauthorizedgenerics.com
Discover An Authorized Generic,Sofosbuvir/Velpatasvir Get Information About Authorized Generic Sofosbuvir/Velpatasvir & See Important Warning.,www.hepcauthorizedgenerics.com
Discover An Authorized Generic,Sofosbuvir/Velpatasvir Download A Sofosbuvir/Velpatasvir Co-Pay Coupon. See Important Warning.,www.hepcauthorizedgenerics.com
Discover An Authorized Generic,Ledipasvir/Sofosbuvir Get Information About Authorized Generic Ledipasvir/Sofosbuvir & See Important Warning.,hepcauthorizedgenerics.com
Discover An Authorized Generic,Ledipasvir/Sofosbuvir Discover Ledipasvir/Sofosbuvir & See Important Warning. Download A Co-Pay Coupon.,hepcauthorizedgenerics.com
Discover An Authorized Generic,Ledipasvir/Sofosbuvir Discover Ledipasvir/Sofosbuvir & See Important Warning. Download A Co-Pay Coupon.,www.hepcauthorizedgenerics.com
Discover An Authorized Generic,Accessible Treatment Option Get Information & See Important Warning About Authorized Generic Sofosbuvir/Velpatasvir.,hepcauthorizedgenerics.com
Discover An Authorized Generic,Ledipasvir/Sofosbuvir Discover Authorized Generic Ledipasvir/Sofosbuvir And See Important Warning.,www.hepcauthorizedgenerics.com
Discover An Authorized Generic,Ledipasvir/Sofosbuvir Get Information About Authorized Generic Ledipasvir/Sofosbuvir & See Important Warning.,www.hepcauthorizedgenerics.com
Discover An Authorized Generic,Sofosbuvir/Velpatasvir Discover Authorized Generic Sofosbuvir/Velpatasvir And See Important Warning.,www.hepcauthorizedgenerics.com/
Discover An Authorized Generic,Accessible Treatment Option Get Information & See Important Warning About Authorized Generic Sofosbuvir/Velpatasvir.,www.hepcauthorizedgenerics.com/
Discover An Authorized Generic,Accessible Treatment Option Get Information & See Important Warning About Authorized Generic Ledipasvir/Sofosbuvir.,www.hepcauthorizedgenerics.com/
Discover An Authorized Generic,Sofosbuvir/Velpatasvir Get Information About Authorized Generic Sofosbuvir/Velpatasvir & See Important Warning.,www.hepcauthorizedgenerics.com/
Discover An Authorized Generic,Sofosbuvir/Velpatasvir Download A Sofosbuvir/Velpatasvir Co-Pay Coupon. See Important Warning.,www.hepcauthorizedgenerics.com/
Discover An Authorized Generic,Ledipasvir/Sofosbuvir Discover Ledipasvir/Sofosbuvir & See Important Warning. Download A Co-Pay Coupon.,www.hepcauthorizedgenerics.com/
Discover An Authorized Generic,Ledipasvir/Sofosbuvir Discover Authorized Generic Ledipasvir/Sofosbuvir And See Important Warning.,www.hepcauthorizedgenerics.com/
Discover An Authorized Generic,Ledipasvir/Sofosbuvir Get Information About Authorized Generic Ledipasvir/Sofosbuvir & See Important Warning.,www.hepcauthorizedgenerics.com/
Discover An Authorized Generic - Accessible Treatment Option,Get Information & See Important Warning About Authorized Generic Sofosbuvir/Velpatasvir.,www.hepcauthorizedgenerics.com
Discover An Authorized Generic - Accessible Treatment Option,Get Information & See Important Warning About Authorized Generic Ledipasvir/Sofosbuvir.,hepcauthorizedgenerics.com
Discover An Authorized Generic - Accessible Treatment Option,Get Information & See Important Warning About Authorized Generic Ledipasvir/Sofosbuvir.,www.hepcauthorizedgenerics.com
Discover An Authorized Generic - Accessible Treatment Option,Get Information & See Important Warning About Authorized Generic Sofosbuvir/Velpatasvir.,hepcauthorizedgenerics.com
Discover An Authorized Generic - Accessible Treatment Option,Get Information & See Important Warning About Authorized Generic Sofosbuvir/Velpatasvir.,www.hepcauthorizedgenerics.com/
Discover An Authorized Generic - Accessible Treatment Option,Get Information & See Important Warning About Authorized Generic Ledipasvir/Sofosbuvir.,www.hepcauthorizedgenerics.com/
Discover An Authorized Generic - Accessible Treatment Option - hepcauthorizedgenerics.com,Get Information & See Important Warning About Authorized Generic Ledipasvir/Sofosbuvir.,www.hepcauthorizedgenerics.com
Discover An Authorized Generic - Accessible Treatment Option - hepcauthorizedgenerics.com,Get Information & See Important Warning About Authorized Generic Sofosbuvir/Velpatasvir.,www.hepcauthorizedgenerics.com
Discover An Authorized Generic - Accessible Treatment Option - hepcauthorizedgenerics.com,Get Information & See Important Warning About Authorized Generic Ledipasvir/Sofosbuvir.,www.hepcauthorizedgenerics.com/
Discover An Authorized Generic - Accessible Treatment Option - hepcauthorizedgenerics.com,Get Information & See Important Warning About Authorized Generic Sofosbuvir/Velpatasvir.,www.hepcauthorizedgenerics.com/
Discover An Authorized Generic - Accessible Treatment Option | hepcauthorizedgenerics.com,Get Information & See Important Warning About Authorized Generic Sofosbuvir/Velpatasvir.,www.hepcauthorizedgenerics.com
Discover An Authorized Generic - Accessible Treatment Option | hepcauthorizedgenerics.com,Get Information & See Important Warning About Authorized Generic Ledipasvir/Sofosbuvir.,www.hepcauthorizedgenerics.com
Discover An Authorized Generic - Accessible Treatment Option | hepcauthorizedgenerics.com,Get Information & See Important Warning About Authorized Generic Sofosbuvir/Velpatasvir.,www.hepcauthorizedgenerics.com/
Discover An Authorized Generic - Accessible Treatment Option | hepcauthorizedgenerics.com,Get Information & See Important Warning About Authorized Generic Ledipasvir/Sofosbuvir.,www.hepcauthorizedgenerics.com/
Discover An Authorized Generic - Ledipasvir/Sofosbuvir,Discover Authorized Generic Ledipasvir/Sofosbuvir And See Important Warning.,www.hepcauthorizedgenerics.com
Discover An Authorized Generic - Ledipasvir/Sofosbuvir,Discover Ledipasvir/Sofosbuvir & See Important Warning. Download A Co-Pay Coupon.,hepcauthorizedgenerics.com
Discover An Authorized Generic - Ledipasvir/Sofosbuvir,Get Information About Authorized Generic Ledipasvir/Sofosbuvir & See Important Warning.,www.hepcauthorizedgenerics.com
Discover An Authorized Generic - Ledipasvir/Sofosbuvir,Get Information About Authorized Generic Ledipasvir/Sofosbuvir & See Important Warning.,hepcauthorizedgenerics.com
Discover An Authorized Generic - Ledipasvir/Sofosbuvir,Discover Authorized Generic Ledipasvir/Sofosbuvir And See Important Warning.,hepcauthorizedgenerics.com
Discover An Authorized Generic - Ledipasvir/Sofosbuvir,Discover Ledipasvir/Sofosbuvir & See Important Warning. Download A Co-Pay Coupon.,www.hepcauthorizedgenerics.com
Discover An Authorized Generic - Ledipasvir/Sofosbuvir,Discover Authorized Generic Ledipasvir/Sofosbuvir And See Important Warning.,www.hepcauthorizedgenerics.com/
Discover An Authorized Generic - Ledipasvir/Sofosbuvir,Get Information About Authorized Generic Ledipasvir/Sofosbuvir & See Important Warning.,www.hepcauthorizedgenerics.com/
Discover An Authorized Generic - Ledipasvir/Sofosbuvir,Discover Ledipasvir/Sofosbuvir & See Important Warning. Download A Co-Pay Coupon.,www.hepcauthorizedgenerics.com/
Discover An Authorized Generic - Ledipasvir/Sofosbuvir - hepcauthorizedgenerics.com,Discover Authorized Generic Ledipasvir/Sofosbuvir And See Important Warning.,www.hepcauthorizedgenerics.com
Discover An Authorized Generic - Ledipasvir/Sofosbuvir - hepcauthorizedgenerics.com,Discover Ledipasvir/Sofosbuvir & See Important Warning. Download A Co-Pay Coupon.,www.hepcauthorizedgenerics.com
Discover An Authorized Generic - Ledipasvir/Sofosbuvir - hepcauthorizedgenerics.com,Get Information About Authorized Generic Ledipasvir/Sofosbuvir & See Important Warning.,www.hepcauthorizedgenerics.com
Discover An Authorized Generic - Ledipasvir/Sofosbuvir - hepcauthorizedgenerics.com,Discover Authorized Generic Ledipasvir/Sofosbuvir And See Important Warning.,www.hepcauthorizedgenerics.com/
Discover An Authorized Generic - Ledipasvir/Sofosbuvir - hepcauthorizedgenerics.com,Discover Ledipasvir/Sofosbuvir & See Important Warning. Download A Co-Pay Coupon.,www.hepcauthorizedgenerics.com/
Discover An Authorized Generic - Ledipasvir/Sofosbuvir - hepcauthorizedgenerics.com,Get Information About Authorized Generic Ledipasvir/Sofosbuvir & See Important Warning.,www.hepcauthorizedgenerics.com/
Discover An Authorized Generic - Ledipasvir/Sofosbuvir | hepcauthorizedgenerics.com,Discover Ledipasvir/Sofosbuvir & See Important Warning. Download A Co-Pay Coupon.,www.hepcauthorizedgenerics.com
Discover An Authorized Generic - Ledipasvir/Sofosbuvir | hepcauthorizedgenerics.com,Discover Authorized Generic Ledipasvir/Sofosbuvir And See Important Warning.,www.hepcauthorizedgenerics.com
Discover An Authorized Generic - Ledipasvir/Sofosbuvir | hepcauthorizedgenerics.com,Get Information About Authorized Generic Ledipasvir/Sofosbuvir & See Important Warning.,www.hepcauthorizedgenerics.com
Discover An Authorized Generic - Ledipasvir/Sofosbuvir | hepcauthorizedgenerics.com,Discover Ledipasvir/Sofosbuvir & See Important Warning. Download A Co-Pay Coupon.,www.hepcauthorizedgenerics.com/
Discover An Authorized Generic - Ledipasvir/Sofosbuvir | hepcauthorizedgenerics.com,Discover Authorized Generic Ledipasvir/Sofosbuvir And See Important Warning.,www.hepcauthorizedgenerics.com/
Discover An Authorized Generic - Ledipasvir/Sofosbuvir | hepcauthorizedgenerics.com,Get Information About Authorized Generic Ledipasvir/Sofosbuvir & See Important Warning.,www.hepcauthorizedgenerics.com/
Discover An Authorized Generic - Sofosbuvir/Velpatasvir,Download A Sofosbuvir/Velpatasvir Co-Pay Coupon. See Important Warning.,www.hepcauthorizedgenerics.com
Discover An Authorized Generic - Sofosbuvir/Velpatasvir,Get Information About Authorized Generic Sofosbuvir/Velpatasvir & See Important Warning.,hepcauthorizedgenerics.com
Discover An Authorized Generic - Sofosbuvir/Velpatasvir,Get Information About Authorized Generic Sofosbuvir/Velpatasvir & See Important Warning.,www.hepcauthorizedgenerics.com
Discover An Authorized Generic - Sofosbuvir/Velpatasvir,Discover Authorized Generic Sofosbuvir/Velpatasvir And See Important Warning.,www.hepcauthorizedgenerics.com
Discover An Authorized Generic - Sofosbuvir/Velpatasvir,Download A Sofosbuvir/Velpatasvir Co-Pay Coupon. See Important Warning.,hepcauthorizedgenerics.com
Discover An Authorized Generic - Sofosbuvir/Velpatasvir,Discover Authorized Generic Sofosbuvir/Velpatasvir And See Important Warning.,hepcauthorizedgenerics.com
Discover An Authorized Generic - Sofosbuvir/Velpatasvir,Download A Sofosbuvir/Velpatasvir Co-Pay Coupon. See Important Warning.,www.hepcauthorizedgenerics.com/
Discover An Authorized Generic - Sofosbuvir/Velpatasvir,Get Information About Authorized Generic Sofosbuvir/Velpatasvir & See Important Warning.,www.hepcauthorizedgenerics.com/
Discover An Authorized Generic - Sofosbuvir/Velpatasvir,Discover Authorized Generic Sofosbuvir/Velpatasvir And See Important Warning.,www.hepcauthorizedgenerics.com/
Discover An Authorized Generic - Sofosbuvir/Velpatasvir - hepcauthorizedgenerics.com,Download A Sofosbuvir/Velpatasvir Co-Pay Coupon. See Important Warning.,www.hepcauthorizedgenerics.com
Discover An Authorized Generic - Sofosbuvir/Velpatasvir - hepcauthorizedgenerics.com,Get Information About Authorized Generic Sofosbuvir/Velpatasvir & See Important Warning.,www.hepcauthorizedgenerics.com
Discover An Authorized Generic - Sofosbuvir/Velpatasvir - hepcauthorizedgenerics.com,Discover Authorized Generic Sofosbuvir/Velpatasvir And See Important Warning.,www.hepcauthorizedgenerics.com
Discover An Authorized Generic - Sofosbuvir/Velpatasvir - hepcauthorizedgenerics.com,Download A Sofosbuvir/Velpatasvir Co-Pay Coupon. See Important Warning.,www.hepcauthorizedgenerics.com/
Discover An Authorized Generic - Sofosbuvir/Velpatasvir - hepcauthorizedgenerics.com,Get Information About Authorized Generic Sofosbuvir/Velpatasvir & See Important Warning.,www.hepcauthorizedgenerics.com/
Discover An Authorized Generic - Sofosbuvir/Velpatasvir - hepcauthorizedgenerics.com,Discover Authorized Generic Sofosbuvir/Velpatasvir And See Important Warning.,www.hepcauthorizedgenerics.com/
Discover An Authorized Generic - Sofosbuvir/Velpatasvir | hepcauthorizedgenerics.com,Discover Authorized Generic Sofosbuvir/Velpatasvir And See Important Warning.,www.hepcauthorizedgenerics.com
Discover An Authorized Generic - Sofosbuvir/Velpatasvir | hepcauthorizedgenerics.com,Get Information About Authorized Generic Sofosbuvir/Velpatasvir & See Important Warning.,www.hepcauthorizedgenerics.com
Discover An Authorized Generic - Sofosbuvir/Velpatasvir | hepcauthorizedgenerics.com,Download A Sofosbuvir/Velpatasvir Co-Pay Coupon. See Important Warning.,www.hepcauthorizedgenerics.com
Discover An Authorized Generic - Sofosbuvir/Velpatasvir | hepcauthorizedgenerics.com,Discover Authorized Generic Sofosbuvir/Velpatasvir And See Important Warning.,www.hepcauthorizedgenerics.com/
Discover An Authorized Generic - Sofosbuvir/Velpatasvir | hepcauthorizedgenerics.com,Get Information About Authorized Generic Sofosbuvir/Velpatasvir & See Important Warning.,www.hepcauthorizedgenerics.com/
Discover An Authorized Generic - Sofosbuvir/Velpatasvir | hepcauthorizedgenerics.com,Download A Sofosbuvir/Velpatasvir Co-Pay Coupon. See Important Warning.,www.hepcauthorizedgenerics.com/
Discover An Authorized Generic Accessible Treatment Option,Get Information & See Important Warning About Authorized Generic Ledipasvir/Sofosbuvir.,hepcauthorizedgenerics.com
Discover An Authorized Generic Accessible Treatment Option,Get Information & See Important Warning About Authorized Generic Sofosbuvir/Velpatasvir.,hepcauthorizedgenerics.com
Discover An Authorized Generic Accessible Treatment Option,Get Information & See Important Warning About Authorized Generic Ledipasvir/Sofosbuvir.,www.hepcauthorizedgenerics.com
Discover An Authorized Generic Accessible Treatment Option,Get Information & See Important Warning About Authorized Generic Sofosbuvir/Velpatasvir.,www.hepcauthorizedgenerics.com
Discover An Authorized Generic Accessible Treatment Option,Get Information & See Important Warning About Authorized Generic Ledipasvir/Sofosbuvir.,www.hepcauthorizedgenerics.com/
Discover An Authorized Generic Accessible Treatment Option,Get Information & See Important Warning About Authorized Generic Sofosbuvir/Velpatasvir.,www.hepcauthorizedgenerics.com/
Discover An Authorized Generic Ledipasvir/Sofosbuvir,Discover Authorized Generic Ledipasvir/Sofosbuvir And See Important Warning.,www.hepcauthorizedgenerics.com
Discover An Authorized Generic Ledipasvir/Sofosbuvir,Discover Ledipasvir/Sofosbuvir & See Important Warning. Download A Co-Pay Coupon.,www.hepcauthorizedgenerics.com
Discover An Authorized Generic Ledipasvir/Sofosbuvir,Discover Authorized Generic Ledipasvir/Sofosbuvir And See Important Warning.,hepcauthorizedgenerics.com
Discover An Authorized Generic Ledipasvir/Sofosbuvir,Get Information About Authorized Generic Ledipasvir/Sofosbuvir & See Important Warning.,www.hepcauthorizedgenerics.com
Discover An Authorized Generic Ledipasvir/Sofosbuvir,Get Information About Authorized Generic Ledipasvir/Sofosbuvir & See Important Warning.,hepcauthorizedgenerics.com
Discover An Authorized Generic Ledipasvir/Sofosbuvir,Discover Ledipasvir/Sofosbuvir & See Important Warning. Download A Co-Pay Coupon.,hepcauthorizedgenerics.com
Discover An Authorized Generic Ledipasvir/Sofosbuvir,Discover Authorized Generic Ledipasvir/Sofosbuvir And See Important Warning.,www.hepcauthorizedgenerics.com/
Discover An Authorized Generic Ledipasvir/Sofosbuvir,Discover Ledipasvir/Sofosbuvir & See Important Warning. Download A Co-Pay Coupon.,www.hepcauthorizedgenerics.com/
Discover An Authorized Generic Ledipasvir/Sofosbuvir,Get Information About Authorized Generic Ledipasvir/Sofosbuvir & See Important Warning.,www.hepcauthorizedgenerics.com/
Discover An Authorized Generic Sofosbuvir/Velpatasvir,Discover Authorized Generic Sofosbuvir/Velpatasvir And See Important Warning.,www.hepcauthorizedgenerics.com
Discover An Authorized Generic Sofosbuvir/Velpatasvir,Download A Sofosbuvir/Velpatasvir Co-Pay Coupon. See Important Warning.,hepcauthorizedgenerics.com
Discover An Authorized Generic Sofosbuvir/Velpatasvir,Get Information About Authorized Generic Sofosbuvir/Velpatasvir & See Important Warning.,hepcauthorizedgenerics.com
Discover An Authorized Generic Sofosbuvir/Velpatasvir,Discover Authorized Generic Sofosbuvir/Velpatasvir And See Important Warning.,hepcauthorizedgenerics.com
Discover An Authorized Generic Sofosbuvir/Velpatasvir,Download A Sofosbuvir/Velpatasvir Co-Pay Coupon. See Important Warning.,www.hepcauthorizedgenerics.com
Discover An Authorized Generic Sofosbuvir/Velpatasvir,Get Information About Authorized Generic Sofosbuvir/Velpatasvir & See Important Warning.,www.hepcauthorizedgenerics.com
Discover An Authorized Generic Sofosbuvir/Velpatasvir,Discover Authorized Generic Sofosbuvir/Velpatasvir And See Important Warning.,www.hepcauthorizedgenerics.com/
Discover An Authorized Generic Sofosbuvir/Velpatasvir,Download A Sofosbuvir/Velpatasvir Co-Pay Coupon. See Important Warning.,www.hepcauthorizedgenerics.com/
Discover An Authorized Generic Sofosbuvir/Velpatasvir,Get Information About Authorized Generic Sofosbuvir/Velpatasvir & See Important Warning.,www.hepcauthorizedgenerics.com/
Discover An Authorized Generic | Accessible Treatment Option,Get Information & See Important Warning About Authorized Generic Ledipasvir/Sofosbuvir.,hepcauthorizedgenerics.com
Discover An Authorized Generic | Accessible Treatment Option,Get Information & See Important Warning About Authorized Generic Sofosbuvir/Velpatasvir.,www.hepcauthorizedgenerics.com
Discover An Authorized Generic | Accessible Treatment Option,Get Information & See Important Warning About Authorized Generic Sofosbuvir/Velpatasvir.,hepcauthorizedgenerics.com
Discover An Authorized Generic | Accessible Treatment Option,Get Information & See Important Warning About Authorized Generic Ledipasvir/Sofosbuvir.,www.hepcauthorizedgenerics.com
Discover An Authorized Generic | Accessible Treatment Option,Get Information & See Important Warning About Authorized Generic Sofosbuvir/Velpatasvir.,www.hepcauthorizedgenerics.com/
Discover An Authorized Generic | Accessible Treatment Option,Get Information & See Important Warning About Authorized Generic Ledipasvir/Sofosbuvir.,www.hepcauthorizedgenerics.com/
Discover An Authorized Generic | Ledipasvir/Sofosbuvir,Discover Authorized Generic Ledipasvir/Sofosbuvir And See Important Warning.,www.hepcauthorizedgenerics.com
Discover An Authorized Generic | Ledipasvir/Sofosbuvir,Discover Ledipasvir/Sofosbuvir & See Important Warning. Download A Co-Pay Coupon.,www.hepcauthorizedgenerics.com
Discover An Authorized Generic | Ledipasvir/Sofosbuvir,Discover Authorized Generic Ledipasvir/Sofosbuvir And See Important Warning.,hepcauthorizedgenerics.com
Discover An Authorized Generic | Ledipasvir/Sofosbuvir,Get Information About Authorized Generic Ledipasvir/Sofosbuvir & See Important Warning.,www.hepcauthorizedgenerics.com
Discover An Authorized Generic | Ledipasvir/Sofosbuvir,Get Information About Authorized Generic Ledipasvir/Sofosbuvir & See Important Warning.,hepcauthorizedgenerics.com
Discover An Authorized Generic | Ledipasvir/Sofosbuvir,Discover Ledipasvir/Sofosbuvir & See Important Warning. Download A Co-Pay Coupon.,hepcauthorizedgenerics.com
Discover An Authorized Generic | Ledipasvir/Sofosbuvir,Discover Authorized Generic Ledipasvir/Sofosbuvir And See Important Warning.,www.hepcauthorizedgenerics.com/
Discover An Authorized Generic | Ledipasvir/Sofosbuvir,Discover Ledipasvir/Sofosbuvir & See Important Warning. Download A Co-Pay Coupon.,www.hepcauthorizedgenerics.com/
Discover An Authorized Generic | Ledipasvir/Sofosbuvir,Get Information About Authorized Generic Ledipasvir/Sofosbuvir & See Important Warning.,www.hepcauthorizedgenerics.com/
Discover An Authorized Generic | Sofosbuvir/Velpatasvir,Download A Sofosbuvir/Velpatasvir Co-Pay Coupon. See Important Warning.,www.hepcauthorizedgenerics.com
Discover An Authorized Generic | Sofosbuvir/Velpatasvir,Get Information About Authorized Generic Sofosbuvir/Velpatasvir & See Important Warning.,hepcauthorizedgenerics.com
Discover An Authorized Generic | Sofosbuvir/Velpatasvir,Get Information About Authorized Generic Sofosbuvir/Velpatasvir & See Important Warning.,www.hepcauthorizedgenerics.com
Discover An Authorized Generic | Sofosbuvir/Velpatasvir,Download A Sofosbuvir/Velpatasvir Co-Pay Coupon. See Important Warning.,hepcauthorizedgenerics.com
Discover An Authorized Generic | Sofosbuvir/Velpatasvir,Discover Authorized Generic Sofosbuvir/Velpatasvir And See Important Warning.,hepcauthorizedgenerics.com
Discover An Authorized Generic | Sofosbuvir/Velpatasvir,Discover Authorized Generic Sofosbuvir/Velpatasvir And See Important Warning.,www.hepcauthorizedgenerics.com
Discover An Authorized Generic | Sofosbuvir/Velpatasvir,Download A Sofosbuvir/Velpatasvir Co-Pay Coupon. See Important Warning.,www.hepcauthorizedgenerics.com/
Discover An Authorized Generic | Sofosbuvir/Velpatasvir,Get Information About Authorized Generic Sofosbuvir/Velpatasvir & See Important Warning.,www.hepcauthorizedgenerics.com/
Discover An Authorized Generic | Sofosbuvir/Velpatasvir,Discover Authorized Generic Sofosbuvir/Velpatasvir And See Important Warning.,www.hepcauthorizedgenerics.com/
Generic Hepatitis C Treatment,Authorized Generic Medication Get Proven Efficacy Without The Brand Name. Learn About An Authorized Generic Here.,hepcauthorizedgenerics.com
Generic Hepatitis C Treatment - Authorized Generic Medication,Get Proven Efficacy Without The Brand Name. Learn About An Authorized Generic Here.,hepcauthorizedgenerics.com
Generic Hepatitis C Treatment Authorized Generic Medication,Get Proven Efficacy Without The Brand Name. Learn About An Authorized Generic Here.,hepcauthorizedgenerics.com
Generic Hepatitis C Treatment | Authorized Generic Medication,Get Proven Efficacy Without The Brand Name. Learn About An Authorized Generic Here.,hepcauthorizedgenerics.com
hepcauthorizedgenerics.com - Accessible Treatment Option - Ledipasvir/Sofosbuvir,Get Product Info For Authorized Generic Ledipasvir/Sofosbuvir & See Important Warning.,www.hepcauthorizedgenerics.com
hepcauthorizedgenerics.com - Accessible Treatment Option - Ledipasvir/Sofosbuvir,Get Product Info For Authorized Generic Ledipasvir/Sofosbuvir & See Important Warning.,www.hepcauthorizedgenerics.com/
hepcauthorizedgenerics.com - Accessible Treatment Option - Sofosbuvir/Velpatasvir,Get Product Info For Authorized Generic Sofosbuvir/Velpatasvir & See Important Warning.,www.hepcauthorizedgenerics.com
hepcauthorizedgenerics.com - Accessible Treatment Option - Sofosbuvir/Velpatasvir,Get Product Info For Authorized Generic Sofosbuvir/Velpatasvir & See Important Warning.,www.hepcauthorizedgenerics.com/
hepcauthorizedgenerics.com - Accessible Treatment Option | Ledipasvir/Sofosbuvir,Get Product Info For Authorized Generic Ledipasvir/Sofosbuvir & See Important Warning.,www.hepcauthorizedgenerics.com
hepcauthorizedgenerics.com - Accessible Treatment Option | Ledipasvir/Sofosbuvir,Get Product Info For Authorized Generic Ledipasvir/Sofosbuvir & See Important Warning.,www.hepcauthorizedgenerics.com/
hepcauthorizedgenerics.com - Accessible Treatment Option | Sofosbuvir/Velpatasvir,Get Product Info For Authorized Generic Sofosbuvir/Velpatasvir & See Important Warning.,www.hepcauthorizedgenerics.com
hepcauthorizedgenerics.com - Accessible Treatment Option | Sofosbuvir/Velpatasvir,Get Product Info For Authorized Generic Sofosbuvir/Velpatasvir & See Important Warning.,www.hepcauthorizedgenerics.com/
hepcauthorizedgenerics.com - An Accessible Treatment - Ledipasvir/Sofosbuvir,Get Product Info & See Important Warning About Authorized Generic Ledipasvir/Sofosbuvir.,www.hepcauthorizedgenerics.com
hepcauthorizedgenerics.com - An Accessible Treatment - Ledipasvir/Sofosbuvir,Download A Ledipasvir/Sofosbuvir Co-Pay Coupon. See Important Warning.,www.hepcauthorizedgenerics.com
hepcauthorizedgenerics.com - An Accessible Treatment - Ledipasvir/Sofosbuvir,Get Product Info & See Important Warning About Authorized Generic Ledipasvir/Sofosbuvir.,www.hepcauthorizedgenerics.com/
hepcauthorizedgenerics.com - An Accessible Treatment - Ledipasvir/Sofosbuvir,Download A Ledipasvir/Sofosbuvir Co-Pay Coupon. See Important Warning.,www.hepcauthorizedgenerics.com/
hepcauthorizedgenerics.com - An Accessible Treatment - Sofosbuvir/Velpatasvir,Get Product Info & See Important Warning About Authorized Generic Sofosbuvir/Velpatasvir.,www.hepcauthorizedgenerics.com
hepcauthorizedgenerics.com - An Accessible Treatment - Sofosbuvir/Velpatasvir,Download A Co-Pay Coupon For Sofosbuvir/Velpatasvir. Get Info & See Important Warning.,www.hepcauthorizedgenerics.com
hepcauthorizedgenerics.com - An Accessible Treatment - Sofosbuvir/Velpatasvir,Get Product Info & See Important Warning About Authorized Generic Sofosbuvir/Velpatasvir.,www.hepcauthorizedgenerics.com/
hepcauthorizedgenerics.com - An Accessible Treatment - Sofosbuvir/Velpatasvir,Download A Co-Pay Coupon For Sofosbuvir/Velpatasvir. Get Info & See Important Warning.,www.hepcauthorizedgenerics.com/
hepcauthorizedgenerics.com - An Accessible Treatment Option - Ledipasvir/Sofosbuvir,Download A Co-Pay Coupon For Ledipasvir/Sofosbuvir. Get Info & See Important Warning.,www.hepcauthorizedgenerics.com
hepcauthorizedgenerics.com - An Accessible Treatment Option - Ledipasvir/Sofosbuvir,Explore Authorized Generic Ledipasvir/Sofosbuvir Treatment & See Important Warning.,www.hepcauthorizedgenerics.com
hepcauthorizedgenerics.com - An Accessible Treatment Option - Ledipasvir/Sofosbuvir,Download A Co-Pay Coupon For Ledipasvir/Sofosbuvir. Get Info & See Important Warning.,www.hepcauthorizedgenerics.com/
hepcauthorizedgenerics.com - An Accessible Treatment Option - Ledipasvir/Sofosbuvir,Explore Authorized Generic Ledipasvir/Sofosbuvir Treatment & See Important Warning.,www.hepcauthorizedgenerics.com/
hepcauthorizedgenerics.com - An Accessible Treatment Option - Sofosbuvir/Velpatasvir,Discover Sofosbuvir/Velpatasvir & See Important Warning. Download A Co-Pay Coupon.,www.hepcauthorizedgenerics.com
hepcauthorizedgenerics.com - An Accessible Treatment Option - Sofosbuvir/Velpatasvir,Explore Authorized Generic Sofosbuvir/Velpatasvir Treatment & See Important Warning.,www.hepcauthorizedgenerics.com
hepcauthorizedgenerics.com - An Accessible Treatment Option - Sofosbuvir/Velpatasvir,Discover Sofosbuvir/Velpatasvir & See Important Warning. Download A Co-Pay Coupon.,www.hepcauthorizedgenerics.com/
hepcauthorizedgenerics.com - An Accessible Treatment Option - Sofosbuvir/Velpatasvir,Explore Authorized Generic Sofosbuvir/Velpatasvir Treatment & See Important Warning.,www.hepcauthorizedgenerics.com/
hepcauthorizedgenerics.com - An Accessible Treatment Option | Ledipasvir/Sofosbuvir,Explore Authorized Generic Ledipasvir/Sofosbuvir Treatment & See Important Warning.,www.hepcauthorizedgenerics.com
hepcauthorizedgenerics.com - An Accessible Treatment Option | Ledipasvir/Sofosbuvir,Download A Co-Pay Coupon For Ledipasvir/Sofosbuvir. Get Info & See Important Warning.,www.hepcauthorizedgenerics.com
hepcauthorizedgenerics.com - An Accessible Treatment Option | Ledipasvir/Sofosbuvir,Explore Authorized Generic Ledipasvir/Sofosbuvir Treatment & See Important Warning.,www.hepcauthorizedgenerics.com/
hepcauthorizedgenerics.com - An Accessible Treatment Option | Ledipasvir/Sofosbuvir,Download A Co-Pay Coupon For Ledipasvir/Sofosbuvir. Get Info & See Important Warning.,www.hepcauthorizedgenerics.com/
hepcauthorizedgenerics.com - An Accessible Treatment Option | Sofosbuvir/Velpatasvir,Explore Authorized Generic Sofosbuvir/Velpatasvir Treatment & See Important Warning.,www.hepcauthorizedgenerics.com
hepcauthorizedgenerics.com - An Accessible Treatment Option | Sofosbuvir/Velpatasvir,Discover Sofosbuvir/Velpatasvir & See Important Warning. Download A Co-Pay Coupon.,www.hepcauthorizedgenerics.com
hepcauthorizedgenerics.com - An Accessible Treatment Option | Sofosbuvir/Velpatasvir,Explore Authorized Generic Sofosbuvir/Velpatasvir Treatment & See Important Warning.,www.hepcauthorizedgenerics.com/
hepcauthorizedgenerics.com - An Accessible Treatment Option | Sofosbuvir/Velpatasvir,Discover Sofosbuvir/Velpatasvir & See Important Warning. Download A Co-Pay Coupon.,www.hepcauthorizedgenerics.com/
hepcauthorizedgenerics.com - An Accessible Treatment | Ledipasvir/Sofosbuvir,Get Product Info & See Important Warning About Authorized Generic Ledipasvir/Sofosbuvir.,www.hepcauthorizedgenerics.com
hepcauthorizedgenerics.com - An Accessible Treatment | Ledipasvir/Sofosbuvir,Download A Ledipasvir/Sofosbuvir Co-Pay Coupon. See Important Warning.,www.hepcauthorizedgenerics.com
hepcauthorizedgenerics.com - An Accessible Treatment | Ledipasvir/Sofosbuvir,Get Product Info & See Important Warning About Authorized Generic Ledipasvir/Sofosbuvir.,www.hepcauthorizedgenerics.com/
hepcauthorizedgenerics.com - An Accessible Treatment | Ledipasvir/Sofosbuvir,Download A Ledipasvir/Sofosbuvir Co-Pay Coupon. See Important Warning.,www.hepcauthorizedgenerics.com/
hepcauthorizedgenerics.com - An Accessible Treatment | Sofosbuvir/Velpatasvir,Get Product Info & See Important Warning About Authorized Generic Sofosbuvir/Velpatasvir.,www.hepcauthorizedgenerics.com
hepcauthorizedgenerics.com - An Accessible Treatment | Sofosbuvir/Velpatasvir,Download A Co-Pay Coupon For Sofosbuvir/Velpatasvir. Get Info & See Important Warning.,www.hepcauthorizedgenerics.com
hepcauthorizedgenerics.com - An Accessible Treatment | Sofosbuvir/Velpatasvir,Get Product Info & See Important Warning About Authorized Generic Sofosbuvir/Velpatasvir.,www.hepcauthorizedgenerics.com/
hepcauthorizedgenerics.com - An Accessible Treatment | Sofosbuvir/Velpatasvir,Download A Co-Pay Coupon For Sofosbuvir/Velpatasvir. Get Info & See Important Warning.,www.hepcauthorizedgenerics.com/
hepcauthorizedgenerics.com - Asegua Therapeutics - Authorized Generic Treatment,Learn More About Authorized Generic Ledipasvir/Sofosbuvir & See Important Warning.,www.hepcauthorizedgenerics.com
hepcauthorizedgenerics.com - Asegua Therapeutics - Authorized Generic Treatment,Learn More About Authorized Generic Sofosbuvir/Velpatasvir & See Important Warning.,www.hepcauthorizedgenerics.com
hepcauthorizedgenerics.com - Asegua Therapeutics - Authorized Generic Treatment,Learn More About Authorized Generic Ledipasvir/Sofosbuvir & See Important Warning.,www.hepcauthorizedgenerics.com/
hepcauthorizedgenerics.com - Asegua Therapeutics - Authorized Generic Treatment,Learn More About Authorized Generic Sofosbuvir/Velpatasvir & See Important Warning.,www.hepcauthorizedgenerics.com/
hepcauthorizedgenerics.com - Asegua Therapeutics - See Important Warning,Learn About Authorized Generics Sofosbuvir/Velpatasvir & Ledipasvir/Sofosbuvir Here.,www.hepcauthorizedgenerics.com
hepcauthorizedgenerics.com - Asegua Therapeutics - See Important Warning,Learn About Authorized Generics Sofosbuvir/Velpatasvir & Ledipasvir/Sofosbuvir Here.,www.hepcauthorizedgenerics.com/
hepcauthorizedgenerics.com - Asegua Therapeutics | Authorized Generic Treatment,Learn More About Authorized Generic Ledipasvir/Sofosbuvir & See Important Warning.,www.hepcauthorizedgenerics.com
hepcauthorizedgenerics.com - Asegua Therapeutics | Authorized Generic Treatment,Learn More About Authorized Generic Sofosbuvir/Velpatasvir & See Important Warning.,www.hepcauthorizedgenerics.com
hepcauthorizedgenerics.com - Asegua Therapeutics | Authorized Generic Treatment,Learn More About Authorized Generic Ledipasvir/Sofosbuvir & See Important Warning.,www.hepcauthorizedgenerics.com/
hepcauthorizedgenerics.com - Asegua Therapeutics | Authorized Generic Treatment,Learn More About Authorized Generic Sofosbuvir/Velpatasvir & See Important Warning.,www.hepcauthorizedgenerics.com/
hepcauthorizedgenerics.com - Asegua Therapeutics | See Important Warning,Learn About Authorized Generics Sofosbuvir/Velpatasvir & Ledipasvir/Sofosbuvir Here.,www.hepcauthorizedgenerics.com
hepcauthorizedgenerics.com - Asegua Therapeutics | See Important Warning,Learn About Authorized Generics Sofosbuvir/Velpatasvir & Ledipasvir/Sofosbuvir Here.,www.hepcauthorizedgenerics.com/
hepcauthorizedgenerics.com - Discover An Authorized Generic - Accessible Treatment Option,Get Information & See Important Warning About Authorized Generic Sofosbuvir/Velpatasvir.,www.hepcauthorizedgenerics.com
hepcauthorizedgenerics.com - Discover An Authorized Generic - Accessible Treatment Option,Get Information & See Important Warning About Authorized Generic Ledipasvir/Sofosbuvir.,www.hepcauthorizedgenerics.com
hepcauthorizedgenerics.com - Discover An Authorized Generic - Accessible Treatment Option,Get Information & See Important Warning About Authorized Generic Sofosbuvir/Velpatasvir.,www.hepcauthorizedgenerics.com/
hepcauthorizedgenerics.com - Discover An Authorized Generic - Accessible Treatment Option,Get Information & See Important Warning About Authorized Generic Ledipasvir/Sofosbuvir.,www.hepcauthorizedgenerics.com/
hepcauthorizedgenerics.com - Discover An Authorized Generic - Ledipasvir/Sofosbuvir,Get Information About Authorized Generic Ledipasvir/Sofosbuvir & See Important Warning.,www.hepcauthorizedgenerics.com
hepcauthorizedgenerics.com - Discover An Authorized Generic - Ledipasvir/Sofosbuvir,Discover Ledipasvir/Sofosbuvir & See Important Warning. Download A Co-Pay Coupon.,www.hepcauthorizedgenerics.com
hepcauthorizedgenerics.com - Discover An Authorized Generic - Ledipasvir/Sofosbuvir,Discover Authorized Generic Ledipasvir/Sofosbuvir And See Important Warning.,www.hepcauthorizedgenerics.com
hepcauthorizedgenerics.com - Discover An Authorized Generic - Ledipasvir/Sofosbuvir,Get Information About Authorized Generic Ledipasvir/Sofosbuvir & See Important Warning.,www.hepcauthorizedgenerics.com/
hepcauthorizedgenerics.com - Discover An Authorized Generic - Ledipasvir/Sofosbuvir,Discover Ledipasvir/Sofosbuvir & See Important Warning. Download A Co-Pay Coupon.,www.hepcauthorizedgenerics.com/
hepcauthorizedgenerics.com - Discover An Authorized Generic - Ledipasvir/Sofosbuvir,Discover Authorized Generic Ledipasvir/Sofosbuvir And See Important Warning.,www.hepcauthorizedgenerics.com/
hepcauthorizedgenerics.com - Discover An Authorized Generic - Sofosbuvir/Velpatasvir,Download A Sofosbuvir/Velpatasvir Co-Pay Coupon. See Important Warning.,www.hepcauthorizedgenerics.com
hepcauthorizedgenerics.com - Discover An Authorized Generic - Sofosbuvir/Velpatasvir,Discover Authorized Generic Sofosbuvir/Velpatasvir And See Important Warning.,www.hepcauthorizedgenerics.com
hepcauthorizedgenerics.com - Discover An Authorized Generic - Sofosbuvir/Velpatasvir,Get Information About Authorized Generic Sofosbuvir/Velpatasvir & See Important Warning.,www.hepcauthorizedgenerics.com
hepcauthorizedgenerics.com - Discover An Authorized Generic - Sofosbuvir/Velpatasvir,Download A Sofosbuvir/Velpatasvir Co-Pay Coupon. See Important Warning.,www.hepcauthorizedgenerics.com/
hepcauthorizedgenerics.com - Discover An Authorized Generic - Sofosbuvir/Velpatasvir,Discover Authorized Generic Sofosbuvir/Velpatasvir And See Important Warning.,www.hepcauthorizedgenerics.com/
hepcauthorizedgenerics.com - Discover An Authorized Generic - Sofosbuvir/Velpatasvir,Get Information About Authorized Generic Sofosbuvir/Velpatasvir & See Important Warning.,www.hepcauthorizedgenerics.com/
hepcauthorizedgenerics.com - Discover An Authorized Generic | Accessible Treatment Option,Get Information & See Important Warning About Authorized Generic Ledipasvir/Sofosbuvir.,www.hepcauthorizedgenerics.com
hepcauthorizedgenerics.com - Discover An Authorized Generic | Accessible Treatment Option,Get Information & See Important Warning About Authorized Generic Sofosbuvir/Velpatasvir.,www.hepcauthorizedgenerics.com
hepcauthorizedgenerics.com - Discover An Authorized Generic | Accessible Treatment Option,Get Information & See Important Warning About Authorized Generic Ledipasvir/Sofosbuvir.,www.hepcauthorizedgenerics.com/
hepcauthorizedgenerics.com - Discover An Authorized Generic | Accessible Treatment Option,Get Information & See Important Warning About Authorized Generic Sofosbuvir/Velpatasvir.,www.hepcauthorizedgenerics.com/
hepcauthorizedgenerics.com - Discover An Authorized Generic | Ledipasvir/Sofosbuvir,Get Information About Authorized Generic Ledipasvir/Sofosbuvir & See Important Warning.,www.hepcauthorizedgenerics.com
hepcauthorizedgenerics.com - Discover An Authorized Generic | Ledipasvir/Sofosbuvir,Discover Ledipasvir/Sofosbuvir & See Important Warning. Download A Co-Pay Coupon.,www.hepcauthorizedgenerics.com
hepcauthorizedgenerics.com - Discover An Authorized Generic | Ledipasvir/Sofosbuvir,Discover Authorized Generic Ledipasvir/Sofosbuvir And See Important Warning.,www.hepcauthorizedgenerics.com
hepcauthorizedgenerics.com - Discover An Authorized Generic | Ledipasvir/Sofosbuvir,Get Information About Authorized Generic Ledipasvir/Sofosbuvir & See Important Warning.,www.hepcauthorizedgenerics.com/
hepcauthorizedgenerics.com - Discover An Authorized Generic | Ledipasvir/Sofosbuvir,Discover Ledipasvir/Sofosbuvir & See Important Warning. Download A Co-Pay Coupon.,www.hepcauthorizedgenerics.com/
hepcauthorizedgenerics.com - Discover An Authorized Generic | Ledipasvir/Sofosbuvir,Discover Authorized Generic Ledipasvir/Sofosbuvir And See Important Warning.,www.hepcauthorizedgenerics.com/
hepcauthorizedgenerics.com - Discover An Authorized Generic | Sofosbuvir/Velpatasvir,Get Information About Authorized Generic Sofosbuvir/Velpatasvir & See Important Warning.,www.hepcauthorizedgenerics.com
hepcauthorizedgenerics.com - Discover An Authorized Generic | Sofosbuvir/Velpatasvir,Download A Sofosbuvir/Velpatasvir Co-Pay Coupon. See Important Warning.,www.hepcauthorizedgenerics.com
hepcauthorizedgenerics.com - Discover An Authorized Generic | Sofosbuvir/Velpatasvir,Discover Authorized Generic Sofosbuvir/Velpatasvir And See Important Warning.,www.hepcauthorizedgenerics.com
hepcauthorizedgenerics.com - Discover An Authorized Generic | Sofosbuvir/Velpatasvir,Get Information About Authorized Generic Sofosbuvir/Velpatasvir & See Important Warning.,www.hepcauthorizedgenerics.com/
hepcauthorizedgenerics.com - Discover An Authorized Generic | Sofosbuvir/Velpatasvir,Download A Sofosbuvir/Velpatasvir Co-Pay Coupon. See Important Warning.,www.hepcauthorizedgenerics.com/
hepcauthorizedgenerics.com - Discover An Authorized Generic | Sofosbuvir/Velpatasvir,Discover Authorized Generic Sofosbuvir/Velpatasvir And See Important Warning.,www.hepcauthorizedgenerics.com/